Temps (s),Remplissage (%)
1,2.0
2,6.0
3,8.0
4,10.0
5,12.0
6,14.000000000000002
7,16.0
8,18.0
9,15.0
10,22.0
11,24.0
12,26.0
13,28.000000000000004
14,30.0
15,32.0
16,34.0
17,36.0
18,38.0
19,38.0
20,40.0
21,45.0
22,44.0
23,46.0
24,48.0
25,50.0
26,54.0
27,56.00000000000001
28,57.99999999999999
29,60.0
30,62.0
31,64.0
32,66.0
33,68.0
34,70.0
35,72.0
36,74.0
37,76.0
38,78.0
39,80.0
40,82.0
41,84.0
42,86.0
43,88.0
44,90.0
45,92.0
46,94.0
47,96.0
48,98.0
49,97.0
50,97.0
51,96.0
52,98.0
53,100.0
